chrom,pos,ref,alt,significance,gene,clinvarId,hgvs
chr1,155240171,C,T,Benign,GBA1,VCV004075442,NM_000157.4(GBA1):c.116-94G>A
chr1,155240625,C,A,Uncertain_significance,GBA1,VCV004068438,NM_000157.4(GBA1):c.115+5G>T
chr1,155240628,A,C,Pathogenic,GBA1,VCV004817680,NM_000157.4(GBA1):c.115+2T>G
chr1,155240629,C,T,Pathogenic,GBA1,VCV000093445,NM_000157.4(GBA1):c.115+1G>A
chr1,155240632,G,C,Likely_pathogenic,GBA1,VCV002440423,NM_000157.4(GBA1):c.113C>G (p.Ser38Ter)
chr1,155240637,C,T,Pathogenic,GBA1,VCV000974986,NM_000157.4(GBA1):c.108G>A (p.Trp36Ter)
chr1,155240645,C,T,Uncertain_significance,GBA1,VCV004541492,NM_000157.4(GBA1):c.100G>A (p.Val34Met)
chr1,155240651,G,A,Likely_pathogenic,GBA1,VCV004817825,NM_000157.4(GBA1):c.94C>T (p.Gln32Ter)
chr1,155240652,A,C,Uncertain_significance,GBA1,VCV004068466,NM_000157.4(GBA1):c.93T>G (p.Leu31=)
chr1,155240661,C,T,Likely_benign,GBA1,VCV002836638,NM_000157.4(GBA1):c.84G>A (p.Leu28=)
chr1,155240701,A,T,Likely_pathogenic,GBA1,VCV004817764,NM_000157.4(GBA1):c.44T>A (p.Leu15Ter)
chr1,155240707,T,C,Benign,GBA1,VCV000196296,NM_000157.4(GBA1):c.38A>G (p.Lys13Arg)
chr1,155241086,C,T,Likely_benign,GBA1,VCV003251125,NM_000157.4(GBA1):c.27G>A (p.Glu9=)
chr1,155241127,T,C,Likely_benign,GBA1,VCV002445887,NM_000157.4(GBA1):c.-15A>G
chr1,156115129,A,T,Uncertain_significance,LMNA,VCV004845275,NM_170707.4(LMNA):c.211A>T (p.Ser71Cys)
chr1,156115159,T,G,Pathogenic,LMNA,VCV004856619,NM_170707.4(LMNA):c.241T>G (p.Tyr81Asp)
chr1,156115265,T,A,Uncertain_significance,LMNA,VCV004839987,NM_170707.4(LMNA):c.347T>A (p.Leu116Gln)
chr1,156134390,T,A,Pathogenic,LMNA,VCV004820551,NM_170707.4(LMNA):c.514-13T>A
chr1,156134461,GG,GGG,Likely_pathogenic,LMNA,VCV004856821,NM_170707.4(LMNA):c.574dup (p.Asp192fs)
chr1,156134966,T,C,Likely_benign,LMNA,VCV004859232,NM_170707.4(LMNA):c.801T>C (p.Tyr267=)
chr1,156136049,T,C,Likely_pathogenic,LMNA,VCV004856621,NM_170707.4(LMNA):c.1085T>C (p.Leu362Pro)
chr1,156136436,G,C,Likely_pathogenic,LMNA,VCV004856620,NM_170707.4(LMNA):c.1380G>C (p.Glu460Asp)
chr1,156137033,G,T,Uncertain_significance,LMNA,VCV004859233,NM_170707.4(LMNA):c.1488+5G>T
chr1,156138484,C,G,Likely_benign,LMNA,VCV004781680,NM_170707.4(LMNA):c.1699-4C>G
chr1,156138597,C,G,Pathogenic,LMNA,VCV004823771,NM_170707.4(LMNA):c.1808C>G (p.Ser603Ter)
chr1,156139088,G,C,Likely_benign,LMNA,VCV004799975,NM_170707.4(LMNA):c.1977G>C (p.Gln659His)
chr1,156861079,C,T,Pathogenic,NTRK1,VCV004814505,NM_002529.4(NTRK1):c.145C>T (p.Arg49Ter)
chr1,156861105,T,C,Likely_benign,NTRK1,VCV004775340,NM_002529.4(NTRK1):c.171T>C (p.Asp57=)
chr1,156864411,G,A,Likely_benign,NTRK1,VCV004781853,NM_002529.4(NTRK1):c.270G>A (p.Leu90=)
chr1,156864733,T,C,Likely_pathogenic,NTRK1,VCV004852842,NM_002529.4(NTRK1):c.293T>C (p.Ile98Thr)
chr1,156864752,TTT,TT,Likely_pathogenic,NTRK1,VCV004852845,NM_002529.4(NTRK1):c.314del (p.Phe105fs)
chr1,156864790,T,C,Uncertain_significance,NTRK1,VCV004837760,NM_002529.4(NTRK1):c.350T>C (p.Leu117Pro)
chr1,156868149,G,C,Uncertain_significance,NTRK1,VCV004852846,NM_002529.4(NTRK1):c.474G>C (p.Trp158Cys)
chr1,156868189,AA,AAA,Likely_pathogenic,NTRK1,VCV004814520,NM_002529.4(NTRK1):c.516dup (p.Gln173fs)
chr1,156868649,T,C,Pathogenic,NTRK1,VCV004814522,NM_002529.4(NTRK1):c.717+2T>C
chr1,156873601,A,AA,Benign,NTRK1,VCV003034984,NM_002529.4(NTRK1):c.851-31dup
chr1,156873646,G,A,Likely_benign,NTRK1,VCV004811237,NM_002529.4(NTRK1):c.864G>A (p.Val288=)
chr1,156876225,GGGGGG,GGGGGGG,Benign,NTRK1,VCV003021206,NM_002529.4(NTRK1):c.1632+21dup
chr1,156876569,T,G,Pathogenic,NTRK1,VCV004814511,NM_002529.4(NTRK1):c.1802T>G (p.Leu601Arg)
chr1,156879111,C,G,Benign,NTRK1,VCV002917216,NM_002529.4(NTRK1):c.1806-11C>G
chr1,156879318,G,C,Uncertain_significance,NTRK1,VCV004852847,NM_002529.4(NTRK1):c.2002G>C (p.Asp668His)
